{
    "Octave Up": 2.0,
    "Major Seventh Up": 1.8877486253633868,
    "Minor Seventh Up": 1.7817974362806785,
    "Major Sixth Up": 1.681792830507429,
    "Minor Sixth Up": 1.5874010519681994,
    "Perfect Fifth Up": 1.4983070768766815,
    "Tritone Up": 1.4142135623730951,
    "Perfect Fourth Up": 1.3348398541700344,
    "Major Third Up": 1.2599210498948732,
    "Minor Third Up": 1.189207115002721,
    "Major Second Up": 1.122462048309373,
    "Minor Second Up": 1.0594630943592953,
    "Unison": 1.0,
    "Minor Second Down": 0.9438743126816935,
    "Major Second Down": 0.8908987181403393,
    "Minor Third Down": 0.8408964152537145,
    "Major Third Down": 0.7937005259840998,
    "Perfect Fourth Down": 0.7491535384383408,
    "Tritone Down": 0.7071067811865476,
    "Perfect Fifth Down": 0.6674199270850172,
    "Minor Sixth Down": 0.6299605249474366,
    "Major Sixth Down": 0.5946035575013605,
    "Minor Seventh Down": 0.5612310241546865,
    "Major Seventh Down": 0.5297315471796477,
    "Octave Down": 0.5
}