{
    "Do+": 2.0,
    "Ti+": 1.8877486253633868,
    "La#+": 1.7817974362806785,
    "La+": 1.681792830507429,
    "Sol#+": 1.5874010519681994,
    "Sol+": 1.4983070768766815,
    "Fa#+": 1.4142135623730951,
    "Fa+": 1.3348398541700344,
    "Mi+": 1.2599210498948732,
    "Re#+": 1.189207115002721,
    "Re+": 1.122462048309373,
    "Do#+": 1.0594630943592953,
    "Do": 1.0,
    "Ti-": 0.9438743126816935,
    "La#-": 0.8908987181403393,
    "La-": 0.8408964152537145,
    "Sol#-": 0.7937005259840998,
    "Sol-": 0.7491535384383408,
    "Fa#-": 0.7071067811865476,
    "Fa-": 0.6674199270850172,
    "Mi-": 0.6299605249474366,
    "Re#-": 0.5946035575013605,
    "Re-": 0.5612310241546865,
    "Do#-": 0.5297315471796477,
    "Do-": 0.5
}